{"count":1,"self":5011.283968,"total":22581.4936958,"children":{"AgentSendState":{"count":4166684,"self":331.7550592,"total":814.6794288,"children":{"CollectObservations":{"count":10000044,"self":132.32042239999998,"total":132.3204193,"children":null},"CollectDiscreteActionMasks":{"count":10000044,"self":60.9404288,"total":60.940426699999996,"children":null},"AgentInfo.ToProto":{"count":10000044,"self":147.0193664,"total":289.6635252,"children":{"GenerateSensorData":{"count":10000044,"self":142.64416,"total":142.64416459999998,"children":null}}}}},"DecideAction":{"count":4166684,"self":16057.1080704,"total":16057.1077192,"children":null},"AgentAct":{"count":4166684,"self":380.5531392,"total":380.553143,"children":null},"AgentInfo.ToProto":{"count":9971703,"self":171.4861952,"total":317.86835759999997,"children":{"GenerateSensorData":{"count":9971703,"self":146.3821696,"total":146.382165,"children":null}}}},"gauges":{"Robotarm.CumulativeReward":{"count":9971703,"max":17.3439865,"min":-413.207153,"runningAverage":-4.60427475,"value":-3.26232457,"weightedAverage":-3.72714043}},"metadata":{"timer_format_version":"0.1.0","start_time_seconds":"1609175940","unity_version":"2019.3.12f1","command_line_arguments":"C:\\Program Files\\Unity\\Hub\\Editor\\2019.3.12f1\\Editor\\Unity.exe -projectpath C:\/Users\/mykol\/Desktop\/dar vienas\/RobotArmMLAgentUnity -useHub -hubIPC -cloudEnvironment production -hubSessionId d067f810-492e-11eb-af1c-e7edfb50feb9 -accessToken SJzIfYonBbBwA-BvQlmtTpH0-E30n5Jxu86AfjVx66I005f","communication_protocol_version":"1.0.0","com.unity.ml-agents_version":"1.0.6","scene_name":"Training","end_time_seconds":"1609198522"}}